0,token
0,общество
1,директор
2,компания
3,генеральный
4,предприятие
5,деятельность
6,организация
7,работа
8,обеспечение
9,руководитель
10,хозяйственный
11,ответственность
12,должный
13,сотрудник
14,мера
15,обязанность
16,имущество
17,выполнение
18,контроль
19,именно
20,результат
21,функция
22,акционер
23,часто
24,ceo
25,сохранность
26,бизнес
27,нести
28,стать
29,коммерческий
30,развитие
31,управлять
32,производственный
33,должность
34,решение
35,нужный
36,исполнительный
37,осуществление
38,финансовый
39,должностной
40,отдел
41,понимать
42,эффективный
43,контролировать
44,глава
45,отчетность
46,поэтому
47,взаимодействие
48,система
49,собрание
50,гендиректор
51,любой
52,основный
53,нормативный
54,подразделение
55,полный
56,комплекс
57,эффективность
58,персонал
59,заключаться
60,общий
61,руководство
62,принять
63,принятие
64,случай
65,следующий
66,отвечать
67,процесс
68,кроме
69,опыт
70,либо
71,разбираться
72,высокий
73,который
74,принимать
75,наличие
76,финансово
77,ограничить
78,зависеть
79,бюджет
80,акционерный
81,единоличный
82,орган
83,интерес
84,суд
85,рынок
86,требование
87,законодательство
88,навык
89,документ
90,первый
91,лицо
92,совет
93,различный
94,создать
95,инструкция
96,название
97,наиболее
98,обязательство
99,документооборот
100,возлагаться
101,цель
102,знать
103,существовать
104,заместитель
105,исполнять
106,план
107,обстоятельство
108,лежать
109,непредвиденный
110,организовать
111,число
112,субподрядчик
113,логистика
114,привлекать
115,административный
116,уметь
117,запускать
118,каждый
119,реализация
120,продажа
121,служба
122,высокооплачиваемый
123,профессия
124,назвать
125,маркетинговый
126,координация
127,поставщик
128,интенсивный
129,обязательно
130,структурный
131,кредитор
132,ведение
133,бухгалтерский
134,учет
135,составление
136,форма
137,утверждение
138,штатный
139,расписание
140,квалифицированный
141,кадр
142,весь
143,необходимый
144,защита
145,рф
146,внутренний
147,предоставление
148,сведение
149,ревизор
150,свой
151,компетенция
152,согласно
153,договор
154,соблюдение
155,информация
156,подчиненный
157,полномочие
158,делегировать
159,нагрузка
160,справиться
161,нуль
162,множество
163,совмещать
164,ответственный
165,очень
166,использование
167,последствие
168,образование
169,знание
170,акт
171,главный
172,доход
173,значить
174,повысить
175,координировать
176,унитарный
177,т
178,топ
179,п
180,операционный
181,прибыть
182,рентабельность
183,ресурс
184,руководить
185,разный
186,обладать
187,фз
188,например
189,также
190,крупный
191,создание
192,execut
193,стратегия
194,chief
195,развивать
196,использовать
197,одновременно
198,являться
199,управление
200,человек
201,просто
202,аналогичный
203,экономика
204,американский
205,действие
206,закон
207,федеральный
208,ст
209,регулироваться
210,представительство
211,проверка
212,халатный
213,несвоевременный
214,невыполнение
215,тайна
216,служебный
217,действовать
218,разработка
219,увеличение
220,содержать
221,разглашение
222,россия
223,исполнение
224,offic
225,бездействие
226,агентство
227,администратор
228,заработный
229,убыток
230,ошибка
231,оформление
232,конкретный
233,рассмотрение
234,вопрос
235,выносить
236,поощрение
237,материальный
238,плата
239,размер
240,заниматься
241,называться
242,определять
243,дисциплинарный
244,увольнять
245,средство
246,денежный
247,операция
248,производить
249,локальный
250,причинить
251,вызывать
252,корпорация
253,регламентироваться
254,российский
255,частность
256,некоторый
257,указываться
258,напрямую
259,подсказывая
260,наряду
261,вариант
262,упоминаться
263,президент
264,привычный
265,обозначение
266,партнер
267,переподготовка
268,век
269,образ
270,выглядеть
271,черта
272,собственник
273,работник
274,наемный
275,оставаться
276,экономический
277,выполнять
278,фабрика
279,термин
280,история
281,год
282,многопрофильный
283,перспективный
284,государственный
285,некоммерческий
286,современный
287,словарь
288,напр
289,стратегический
290,многий
291,государство
292,страна
293,мир
294,значение
295,масштаб
296,сфера
297,определение
298,зависимость
299,отличаться
300,делать
301,перечень
302,движение
303,своевременный
304,формирование
305,участие
306,терминологических
307,планирование
308,собственный
309,иной
310,потребоваться
311,управленческий
312,профессиональный
313,стандарт
314,звено
315,непрерывно
316,повышать
317,квалификация
318,пройти
319,обучение
320,курс
321,широко
322,база
323,иметься
324,средний
325,расход
326,основать
327,труд
328,место
329,престижный
330,возглавлять
331,отдельный
332,направление
333,выступать
334,роль
335,однако
336,практика
337,использоваться
338,фирма
339,пр
340,независимо
341,наименование
342,капитал
343,ход
344,самый
345,пользование
346,день
347,делопроизводство
348,показатель
349,оборот
350,наем
351,ресурсный
352,проведение
353,аттестация
354,сначала
355,поработать
356,ступень
357,иерархия
358,законность
359,позиция
360,разобраться
361,пункт
362,сотрудничать
363,обеспечивать
364,часть
365,участвовать
366,долгосрочный
367,хороший
368,наверняка
369,цикл
370,измерять
371,фреймворк
372,корпоративный
373,менеджмент
374,жизненный
375,продукт
376,конструировать
377,сразу
378,исследователь
379,конструктор
380,организатор
381,планировать
382,парадигма
383,пригодиться
384,улучшить
385,недостаточно
386,дело
387,прийтись
388,овладеть
389,помогать
390,качество
391,результативность
392,расходование
393,очередь
394,назначение
395,прописать
396,распорядок
397,формально
398,довольно
399,достаточный
400,зарегистрировать
401,ооо
402,назначить
403,говорить
404,намного
405,сложнее
406,подчиняться
407,нередко
408,профессионал
409,востребовать
410,искать
411,остальной
412,менеджер
413,работать
414,рассказывать
415,возможность
416,публичный
417,продавать
418,акция
419,учредитель
420,финансы
421,реклама
422,маркетинг
423,сбыт
424,производство
425,начинать
426,нанимать
427,универсальный
428,особенность
429,расти
430,формировать
431,идеология
432,думать
433,миссия
434,небольшой
435,настраивать
436,задача
437,сбалансировать
438,прием
439,оптимизация
440,решить
441,предъявляться
442,требоваться
443,юридический
444,соответствовать
445,профиль
446,правило
447,количество
448,многое
449,сложный
450,интеллект
451,морально
452,устойчивый
453,стабильный
454,реагировать
455,изменение
456,среда
457,обращать
458,польза
459,научиться
460,законодательный
461,уверенный
462,персональный
463,счет
464,расторгать
465,заключать
466,имя
467,трудовой
468,открывать
469,расчетный
470,банк
471,сторонний
472,визировать
473,взаимоотношение
474,компьютер
475,право
476,соответствие
477,устать
478,достижение
479,поручение
480,иметь
481,оформлять
482,подписывать
483,рамка
484,предел
485,представлять
486,эмоциональный
487,следовать
488,профайлинг
489,накапливать
490,владелец
491,считать
492,текущий
493,инновация
494,наладить
495,генерирование
496,новый
497,идея
498,прототип
499,мотивация
500,метод
501,условие
502,кризис
503,неопределенность
504,подходящий
505,процедура
506,оценка
507,причем
508,линейный
509,тестирование
510,анализировать
511,менее
512,важный
513,мягкий
514,время
515,сконцентрироваться
516,нелишний
517,распознавание
518,ложь
519,умение
520,ставить
521,стартап
522,предложение
523,внутри
524,сущность
525,предназначение
526,быстро
527,ориентироваться
528,ценностный
529,блок
530,решать
531,направить
532,изучать
